IN,
012-2023,
013-2023,
018-2023,
IOCL0854,
IOCL1105,
IOCL1398,
IOCL1594,
IOCL1793,
IOCL1871,
IOCL2057,
IOCL2095,
IOCL2116,
IOCL2335,
IOCL2371,
IOCL2391,
IOCL2407,
IOCL2492,
IOCL2494,
IOCL2495,
IOCL2499,
IOCL2957,
IOCL2958,
IOCL2966,
IOCL3007,
IOCL3228,
IOCL3305,
IOCL3312,
IOCL3357,
IOCL3371,
IOCL3461,
IOCL3466,
IOCL3473,
IOCL3486,
IOCL3487,
IOCL3503,
IOCL3515,
IOCL3516,
IOCL3517,
IOCL3518,
IOCL3519,
IOCL3520,
IOCL3531,
IOCL3539,
IOCL3540,
IOCL3542,
IOCL3545,
IOCL3548,
IOCL3562,
IOCL3563,
IOCL3564,
IOCL3567,
IOCL3569,
IOCL3570,
IOCL3571,
IOCL3574,
IOCL3621,
IOCL3622,
IOCL3623,
IOCL3625,
IOCL3637,
IOCL3639,
IOCL3640,
IOCL3643,
IOCL3654,
IOCL3656,
IOCL3745,
Lb2-CUM555,
Lb2-CUM663,
Lb2-PER163,
Lb3-HBO,
Lb3-LIS,
Lb4-7616,
Lb4-7864,
Lb-7529,
Lb-7740,
Lb-7933,
Lb-8025,
Lb-8102,
Lb-CUM29,
Lb-LC1565,
Lb-RO393,
Lg-204-365,
Lpa-CL085,
Lg-M4147,
Lg-S8104,
Lla-216-34,
Ln-CL223,
Ln-HOMI-81,
Ln-M5533,
Lpa-PSC1,
Lpa-REST417,
Lpa-S7762,
Lpa-S7842,
Lpa-S8036,
Lpa-S8046,
Lpa-S8049,
Lpa-S8056,
Lpa-S8061,
Lpa-S8087,
Lpa-S8117,
Lpa-S8124,
Lpa-S8136,
Lpa-WR120,
Lpe-HB83,
Lpe-LCA04,
Lsh-M8408,
Lb-CUM138,
Lb-CUM41,
Lb-ESP2,
Lb-LC2141,
Lb-NC,
Lb-PER016,
Lb-PER094,
Lb-LC1569,
Lb-PER065,
Lb-PER012,